"Symbol","Description","UnderlyingSymbol","ReportDate","DateTime","TradeDate","Quantity","IBCommission","NetCash","ClosePrice","Notes/Codes","CostBasis","FifoPnlRealized","MtmPnl","Buy/Sell"
"JD","JD.COM INC-ADR","JD","20250306","20250306;025213","20250306","9","-1.000414","-415.720414","43.92","P","415.720414","0","-19.44","BUY"
"JD","JD.COM INC-ADR","JD","20250306","20250306;025255","20250306","1","-0.000046","-46.080046","43.92","P","46.080046","0","-2.16","BUY"
"PFE","PFIZER INC","PFE","20250305","20250305;103306","20250305","200","-1.0092","-5226.0092","25.94","","5226.0092","0","-37","BUY"
"AAPL  250314P00235000","AAPL 14MAR25 235 P","AAPL","20250307","20250307;103157","20250307","-1","-0.7182526","316.2817474","2.35","","-316.2817474","0","82","SELL"
"AAPL  250314P00235000","AAPL 14MAR25 235 P","AAPL","20250310","20250310;135709","20250310","1","-0.70665","-1018.70665","8.8327","","1018.70665","0","-134.73","BUY"
"AAPL  250321P00240000","AAPL 21MAR25 240 P","AAPL","20250307","20250307;103157","20250307","1","-0.70665","-685.70665","5.6638","","685.70665","0","-118.62","BUY"
"AAPL  250321P00240000","AAPL 21MAR25 240 P","AAPL","20250310","20250310;135709","20250310","-1","-0.7516682","1518.2483318","13.7915","","-1518.2483318","0","139.85","SELL"
"ABNB  250321C00140000","ABNB 21MAR25 140 C","ABNB","20250312","20250312;105919","20250312","-1","-0.7100238","20.2899762","0.2561","P","-20.2899762","0","-4.61","SELL"
"ABNB  250321C00140000","ABNB 21MAR25 140 C","ABNB","20250312","20250312;105919","20250312","-1","0.0299762","21.0299762","0.2561","P","-21.0299762","0","-4.61","SELL"
"ABNB  250321C00140000","ABNB 21MAR25 140 C","ABNB","20250312","20250312;121318","20250312","1","-0.66665","-26.66665","0.2561","P","26.66665","0","-0.39","BUY"
"ABNB  250321C00140000","ABNB 21MAR25 140 C","ABNB","20250312","20250312;121318","20250312","1","-0.00665","-26.00665","0.2561","P","26.00665","0","-0.39","BUY"
"ABNB  250321C00145000","ABNB 21MAR25 145 C","ABNB","20250312","20250312;105919","20250312","1","-0.70665","-10.70665","0.1005","P","10.70665","0","0.05","BUY"
"ABNB  250321C00145000","ABNB 21MAR25 145 C","ABNB","20250312","20250312;105919","20250312","1","0.03335","-9.96665","0.1005","P","9.96665","0","0.05","BUY"
"ABNB  250321C00145000","ABNB 21MAR25 145 C","ABNB","20250312","20250312;121318","20250312","-1","-0.6696902","8.3303098","0.1005","P","-8.3303098","0","-1.05","SELL"
"ABNB  250321C00145000","ABNB 21MAR25 145 C","ABNB","20250312","20250312;121318","20250312","-1","0.2903098","9.2903098","0.1005","P","-9.2903098","0","-1.05","SELL"
"ABNB  270115P00120000","ABNB 15JAN27 120 P","ABNB","20250312","20250312;105733","20250312","1","-0.70665","-1983.70665","19.1277","P","1983.70665","0","-70.23","BUY"
"ABNB  270115P00120000","ABNB 15JAN27 120 P","ABNB","20250312","20250312;105733","20250312","1","0.03335","-1982.96665","19.1277","P","1982.96665","0","-70.23","BUY"
"ABNB  270115P00120000","ABNB 15JAN27 120 P","ABNB","20250312","20250312;121254","20250312","-1","-0.7628716","1921.2371284","19.1277","P","-1921.2371284","0","9.23","SELL"
"ABNB  270115P00120000","ABNB 15JAN27 120 P","ABNB","20250312","20250312;121254","20250312","-1","-0.0228716","1921.9771284","19.1277","P","-1921.9771284","0","9.23","SELL"
"ABNB  270115P00125000","ABNB 15JAN27 125 P","ABNB","20250312","20250312;105733","20250312","-1","-0.731295","2224.268705","21.4465","P","-2224.268705","0","80.35","SELL"
"ABNB  270115P00125000","ABNB 15JAN27 125 P","ABNB","20250312","20250312;105733","20250312","-1","-0.071295","2224.928705","21.4465","P","-2224.928705","0","80.35","SELL"
"ABNB  270115P00125000","ABNB 15JAN27 125 P","ABNB","20250312","20250312;121254","20250312","1","-0.66665","-2163.66665","21.4465","P","2163.66665","0","-18.35","BUY"
"ABNB  270115P00125000","ABNB 15JAN27 125 P","ABNB","20250312","20250312;121254","20250312","1","-0.00665","-2163.00665","21.4465","P","2163.00665","0","-18.35","BUY"
"AMD   250307C00113000","AMD 07MAR25 113 C","AMD","20250307","20250307;135614","20250307","2","-1.1133","-3.1133","0","P","3.1133","0","-2","BUY"
"AMD   250307C00113000","AMD 07MAR25 113 C","AMD","20250307","20250307;135614","20250307","1","-0.05665","-1.05665","0","P","1.05665","0","-1","BUY"
"AMD   250307P00090000","AMD 07MAR25 90 P","AMD","20250303","20250303;132828","20250303","-1","-0.6700794","22.3299206","0.32","P","-22.3299206","0","-9","SELL"
"AMD   250307P00090000","AMD 07MAR25 90 P","AMD","20250303","20250303;132828","20250303","-1","-0.0100794","22.9899206","0.32","P","-22.9899206","0","-9","SELL"
"AMD   250307P00090000","AMD 07MAR25 90 P","AMD","20250307","20250307;135717","20250307","2","-0.1533","-2.1533","0","","2.1533","0","-2","BUY"
"AMD   250307P00103000","AMD 07MAR25 103 P","AMD","20250307","20250307;134956","20250307","1","-0.70665","-401.70665","2.69","P","401.70665","0","-132","BUY"
"AMD   250307P00103000","AMD 07MAR25 103 P","AMD","20250307","20250307;134956","20250307","1","0.03335","-400.96665","2.69","P","400.96665","0","-132","BUY"
"AMD   250307P00103000","AMD 07MAR25 103 P","AMD","20250307","20250307;134957","20250307","1","-0.36665","-402.36665","2.69","P","402.36665","0","-133","BUY"
"AMD   250314C00113000","AMD 14MAR25 113 C","AMD","20250307","20250307;135614","20250307","-1","-1.0596624","6.9403376","0.095","P","-6.9403376","0","-1.5","SELL"
"AMD   250314C00113000","AMD 14MAR25 113 C","AMD","20250307","20250307;135614","20250307","-2","-0.6193248","15.3806752","0.095","P","-15.3806752","0","-3","SELL"
"AMD   250314P00090000","AMD 14MAR25 90 P","AMD","20250303","20250303;132828","20250303","1","-0.66665","-64.66665","0.825","P","64.66665","0","18.5","BUY"
"AMD   250314P00090000","AMD 14MAR25 90 P","AMD","20250303","20250303;132828","20250303","1","-0.00665","-64.00665","0.825","P","64.00665","0","18.5","BUY"
"AMD   250314P00090000","AMD 14MAR25 90 P","AMD","20250307","20250307;135706","20250307","-2","-0.7209372","73.2790628","0.245","","-73.2790628","0","25","SELL"
"AMD   250314P00105000","AMD 14MAR25 105 P","AMD","20250307","20250307;134956","20250307","-1","-0.7276212","653.2723788","5.4406","P","-653.2723788","0","109.94","SELL"
"AMD   250314P00105000","AMD 14MAR25 105 P","AMD","20250307","20250307;134956","20250307","-1","0.0123788","654.0123788","5.4406","P","-654.0123788","0","109.94","SELL"
"AMD   250314P00105000","AMD 14MAR25 105 P","AMD","20250307","20250307;134957","20250307","-1","-0.387649","654.612351","5.4406","P","-654.612351","0","110.94","SELL"
"AMZN  250314C00205000","AMZN 14MAR25 205 C","AMZN","20250306","20250306;143039","20250306","-1","-0.6360564","237.3639436","3.025","","-237.3639436","0","-64.5","SELL"
"AMZN  250314C00205000","AMZN 14MAR25 205 C","AMZN","20250307","20250307;103504","20250307","1","-0.62665","-174.62665","2.005","","174.62665","0","26.5","BUY"
"AMZN  250314C00205000","AMZN 14MAR25 205 C","AMZN","20250310","20250310;104531","20250310","-1","-0.5815528","75.4184472","1.03","","-75.4184472","0","-27","SELL"
"AMZN  250314C00215000","AMZN 14MAR25 215 C","AMZN","20250305","20250305;094634","20250305","-2","-0.7269976","291.2730024","2.03","","-291.2730024","0","-114","SELL"
"AMZN  250314C00215000","AMZN 14MAR25 215 C","AMZN","20250306","20250306;142934","20250306","2","-0.7133","-108.7133","0.68","","108.7133","0","28","BUY"
"AMZN  250314C00215000","AMZN 14MAR25 215 C","AMZN","20250307","20250307;103544","20250307","-2","-0.4606592","63.5393408","0.39","","-63.5393408","0","-14","SELL"
"AMZN  250314C00215000","AMZN 14MAR25 215 C","AMZN","20250310","20250310;104351","20250310","2","-1.4133","-33.4133","0.165","","33.4133","0","1","BUY"
"AMZN  250314C00220000","AMZN 14MAR25 220 C","AMZN","20250305","20250305;094634","20250305","1","-0.70665","-69.70665","0.945","","69.70665","0","25.5","BUY"
"AMZN  250321C00205000","AMZN 21MAR25 205 C","AMZN","20250306","20250306;142957","20250306","-1","-1.0699762","377.9300238","4.5","","-377.9300238","0","-71","SELL"
"AMZN  250321C00205000","AMZN 21MAR25 205 C","AMZN","20250306","20250306;143014","20250306","1","-0.62665","-380.62665","4.5","","380.62665","0","70","BUY"
"AMZN  260116C00205000","AMZN 16JAN26 205 C","AMZN","20250305","20250305;094449","20250305","1","-1.04665","-2836.04665","30.25","","2836.04665","0","190","BUY"
"APP   250321C00340000","APP 21MAR25 340 C","APP","20250312","20250312;104523","20250312","-1","-0.3121366","96.6878634","1.2895","","-96.6878634","0","-31.95","SELL"
"APP   250321C00340000","APP 21MAR25 340 C","APP","20250312","20250312;121146","20250312","1","-1.05915","-202.05915","1.2895","","202.05915","0","-72.05","BUY"
"APP   250321C00350000","APP 21MAR25 350 C","APP","20250312","20250312;104523","20250312","1","-0.30665","-71.30665","0.8735","","71.30665","0","16.35","BUY"
"APP   250321C00350000","APP 21MAR25 350 C","APP","20250312","20250312;121146","20250312","-1","-1.065832","138.934168","0.8735","","-138.934168","0","52.65","SELL"
"APP   270617P00250000","APP 17JUN27 250 P","APP","20250312","20250312;104229","20250312","1","-0.30665","-9163.30665","87.9355","","9163.30665","0","-369.45","BUY"
"APP   270617P00250000","APP 17JUN27 250 P","APP","20250312","20250312;121111","20250312","-1","-0.5531904","8767.4468096","87.9355","","-8767.4468096","0","-25.55","SELL"
"APP   270617P00260000","APP 17JUN27 260 P","APP","20250312","20250312;104229","20250312","-1","-0.5810182","9768.4189818","94.2689","","-9768.4189818","0","342.11","SELL"
"APP   270617P00260000","APP 17JUN27 260 P","APP","20250312","20250312;121111","20250312","1","-0.30665","-9373.30665","94.2689","","9373.30665","0","53.89","BUY"
"BOIL  250228C00120000","BOIL 28FEB25 120 C","BOIL","20250303","20250228;162000","20250228","2","0","0","0","Ep","0","0","0","BUY"
"BOIL  250228C00140000","BOIL 28FEB25 140 C","BOIL","20250303","20250228;162000","20250228","-2","0","0","0","Ep","0","0","0","SELL"
"COIN  250307C00220000","COIN 07MAR25 220 C","COIN","20250303","20250303;150234","20250303","-1","-0.82056","399.17944","3.4541","","-399.17944","0","54.59","SELL"
"COIN  250307C00220000","COIN 07MAR25 220 C","COIN","20250304","20250304;100145","20250304","1","-0.70665","-183.70665","5","","183.70665","0","317","BUY"
"COIN  250307C00225000","COIN 07MAR25 225 C","COIN","20250303","20250303;131821","20250303","-1","-0.722228","459.277772","2.4279","","-459.277772","0","217.21","SELL"
"COIN  250307C00225000","COIN 07MAR25 225 C","COIN","20250303","20250303;150158","20250303","1","-1.05665","-283.05665","2.4279","","283.05665","0","-39.21","BUY"
"COIN  250307C00230000","COIN 07MAR25 230 C","COIN","20250303","20250303;101318","20250303","-1","-0.7257586","586.2742414","1.66","","-586.2742414","0","421","SELL"
"COIN  250307C00230000","COIN 07MAR25 230 C","COIN","20250303","20250303;131738","20250303","1","-0.80665","-340.80665","1.66","","340.80665","0","-174","BUY"
"COIN  250307C00290000","COIN 07MAR25 290 C","COIN","20250303","20250303;132236","20250303","-1","-1.062218","8.937782","0.0874","","-8.937782","0","1.26","SELL"
"COIN  250307C00290000","COIN 07MAR25 290 C","COIN","20250304","20250304;100238","20250304","1","-0.70665","-2.70665","0.1009","","2.70665","0","8.09","BUY"
"COIN  250314C00222500","COIN 14MAR25 222.5 C","COIN","20250303","20250303;101318","20250303","1","-0.70665","-1279.70665","6.025","","1279.70665","0","-676.5","BUY"
"COIN  250314C00222500","COIN 14MAR25 222.5 C","COIN","20250304","20250304;100212","20250304","-1","-0.8706434","402.1293566","8.275","","-402.1293566","0","-424.5","SELL"
"COIN  250314C00290000","COIN 14MAR25 290 C","COIN","20250303","20250303;132236","20250303","1","-1.05915","-62.05915","0.4008","","62.05915","0","-20.92","BUY"
"COIN  250314C00290000","COIN 14MAR25 290 C","COIN","20250304","20250304;100238","20250304","-1","-0.7100516","21.2899484","0.5682","","-21.2899484","0","-34.82","SELL"
"CVX   250314C00155000","CVX 14MAR25 155 C","CVX","20250305","20250305;110221","20250305","-2","-1.4219936","110.5780064","0.93","","-110.5780064","0","-74","SELL"
"CVX   250314C00155000","CVX 14MAR25 155 C","CVX","20250307","20250307;095746","20250307","2","-1.4183","-567.4183","2.9968","","567.4183","0","33.36","BUY"
"CVX   250314C00157500","CVX 14MAR25 157.5 C","CVX","20250304","20250304;102910","20250304","-2","-0.7226052","133.2773948","0.765","","-133.2773948","0","-19","SELL"
"CVX   250314C00157500","CVX 14MAR25 157.5 C","CVX","20250305","20250305;110124","20250305","2","-0.7133","-54.7133","0.425","","54.7133","0","31","BUY"
"CVX   250314C00157500","CVX 14MAR25 157.5 C","CVX","20250305","20250305;110221","20250305","1","-1.05665","-27.05665","0.425","","27.05665","0","16.5","BUY"
"CVX   250314C00157500","CVX 14MAR25 157.5 C","CVX","20250307","20250307;095746","20250307","-1","-1.0662212","152.9337788","1.63","","-152.9337788","0","-9","SELL"
"CVX   250314C00160000","CVX 14MAR25 160 C","CVX","20250304","20250304;102910","20250304","1","-0.70665","-33.70665","0.33","","33.70665","0","0","BUY"
"CVX   250314C00160000","CVX 14MAR25 160 C","CVX","20250305","20250305;110124","20250305","-1","-0.7097736","11.2902264","0.18","","-11.2902264","0","-6","SELL"
"CVX   250314C00162500","CVX 14MAR25 162.5 C","CVX","20250307","20250307;100030","20250307","-2","-0.7202144","47.2797856","0.28","","-47.2797856","0","-8","SELL"
"CVX   250314C00162500","CVX 14MAR25 162.5 C","CVX","20250312","20250312;094626","20250312","2","-1.1183","-7.1183","0.02","","7.1183","0","-2","BUY"
"CVX   250314C00165000","CVX 14MAR25 165 C","CVX","20250307","20250307;100030","20250307","1","-0.70665","-9.70665","0.095","","9.70665","0","0.5","BUY"
"CVX   250314C00165000","CVX 14MAR25 165 C","CVX","20250312","20250312;094626","20250312","-1","-1.0619678","-0.0619678","0.01","","0.0619678","0","0","SELL"
"CVX   250321C00157500","CVX 21MAR25 157.5 C","CVX","20250312","20250312;094706","20250312","-1","-0.712637","114.287363","0.925","","-114.287363","0","22.5","SELL"
"CVX   250321C00162500","CVX 21MAR25 162.5 C","CVX","20250312","20250312;094706","20250312","1","-0.70665","-28.70665","0.1904","","28.70665","0","-8.96","BUY"
"CVX   260116C00155000","CVX 16JAN26 155 C","CVX","20250304","20250304;102752","20250304","1","-1.05665","-1156.05665","12.05","","1156.05665","0","50","BUY"
"DAL   250314C00056000","DAL 14MAR25 56 C","DAL","20250310","20250310;131526","20250310","-2","-0.7202144","47.2797856","0.34","","-47.2797856","0","-20","SELL"
"DAL   250314C00056000","DAL 14MAR25 56 C","DAL","20250311","20250311;105025","20250311","1","-1.05915","-4.05915","0.025","P","4.05915","0","-0.5","BUY"
"DAL   250314C00056000","DAL 14MAR25 56 C","DAL","20250311","20250311;105025","20250311","1","-0.05915","-4.05915","0.025","P","4.05915","0","-1.5","BUY"
"DAL   250314C00057000","DAL 14MAR25 57 C","DAL","20250307","20250307;104252","20250307","-1","-0.7105242","38.2894758","0.47","","-38.2894758","0","-8","SELL"
"DAL   250314C00057000","DAL 14MAR25 57 C","DAL","20250310","20250310;131402","20250310","1","-1.54665","-19.54665","0.245","","19.54665","0","6.5","BUY"
"DAL   250314C00058000","DAL 14MAR25 58 C","DAL","20250310","20250310;131526","20250310","1","-0.70665","-12.70665","0.175","","12.70665","0","5.5","BUY"
"DAL   250314C00058000","DAL 14MAR25 58 C","DAL","20250311","20250311;105025","20250311","-1","-1.0619678","-0.0619678","0.015","","0.0619678","0","-0.5","SELL"
"DAL   250314C00060000","DAL 14MAR25 60 C","DAL","20250304","20250304;095441","20250304","-2","-0.7225496","131.2774504","0.445","","-131.2774504","0","43","SELL"
"DAL   250314C00060000","DAL 14MAR25 60 C","DAL","20250307","20250307;104107","20250307","2","-1.4133","-25.4133","0.12","","25.4133","0","0","BUY"
"DAL   250314C00060000","DAL 14MAR25 60 C","DAL","20250307","20250307;104252","20250307","1","-0.70665","-11.70665","0.12","","11.70665","0","1","BUY"
"DAL   250314C00060000","DAL 14MAR25 60 C","DAL","20250310","20250310;131402","20250310","-1","-1.5496068","4.4503932","0.0929","","-4.4503932","0","-3.29","SELL"
"DAL   250314C00063000","DAL 14MAR25 63 C","DAL","20250304","20250304;095441","20250304","1","-0.70665","-31.70665","0.1282","","31.70665","0","-18.18","BUY"
"DAL   250321C00054000","DAL 21MAR25 54 C","DAL","20250311","20250311;105239","20250311","-1","-0.7100794","22.2899206","0.154","","-22.2899206","0","7.6","SELL"
"DAL   250321C00060000","DAL 21MAR25 60 C","DAL","20250311","20250311;105239","20250311","1","-0.70665","-5.70665","0.0205","","5.70665","0","-2.95","BUY"
"DAL   261218C00055000","DAL 18DEC26 55 C","DAL","20250304","20250304;095126","20250304","1","-1.04665","-1231.04665","11.6509","","1231.04665","0","-64.91","BUY"
"DAL   261218P00035000","DAL 18DEC26 35 P","DAL","20250311","20250311;105514","20250311","-1","-0.8102542","388.1897458","3.825","","-388.1897458","0","6.5","SELL"
"DKNG  250228P00037000","DKNG 28FEB25 37 P","DKNG","20250303","20250228;162000","20250228","4","0","0","0","Ep","0","0","0","BUY"
"GLD   250310C00274000","GLD 10MAR25 274 C","GLD","20250304","20250304;094252","20250304","-2","-0.7212708","85.2787292","0.595","","-85.2787292","0","-33","SELL"
"GLD   250310C00274000","GLD 10MAR25 274 C","GLD","20250310","20250310;102622","20250310","2","-0.4933","-2.4933","0","","2.4933","0","-2","BUY"
"GLD   250310C00277000","GLD 10MAR25 277 C","GLD","20250304","20250304;094252","20250304","1","-0.70665","-14.70665","0.215","","14.70665","0","7.5","BUY"
"GLD   250310C00277000","GLD 10MAR25 277 C","GLD","20250311","20250310;162000","20250310","-1","0","0","0","Ep","0","0","0","SELL"
"GLD   250312C00272000","GLD 12MAR25 272 C","GLD","20250310","20250310;102752","20250310","-1","-0.7102184","27.2897816","0.0816","","-27.2897816","0","19.84","SELL"
"GLD   250312C00272000","GLD 12MAR25 272 C","GLD","20250310","20250310;140309","20250310","1","-0.70665","-10.70665","0.0816","","10.70665","0","-1.84","BUY"
"GLD   250312C00274500","GLD 12MAR25 274.5 C","GLD","20250310","20250310;102752","20250310","1","-0.70665","-8.70665","0.0268","","8.70665","0","-5.32","BUY"
"GLD   250312C00274500","GLD 12MAR25 274.5 C","GLD","20250310","20250310;140309","20250310","-1","-0.7094956","1.2905044","0.0268","","-1.2905044","0","-0.68","SELL"
"GLD   250314C00270000","GLD 14MAR25 270 C","GLD","20250310","20250310;140801","20250310","-1","-0.7109968","55.2890032","0.625","","-55.2890032","0","-6.5","SELL"
"GLD   250314C00274000","GLD 14MAR25 274 C","GLD","20250310","20250310;140801","20250310","1","-0.70665","-9.70665","0.105","","9.70665","0","1.5","BUY"
"GLD   260116C00270000","GLD 16JAN26 270 C","GLD","20250304","20250304;094101","20250304","1","-0.63665","-1850.63665","18.7511","","1850.63665","0","25.11","BUY"
"GOOGL 250314C00172500","GOOGL 14MAR25 172.5 C","GOOGL","20250310","20250310;105238","20250310","-1","-0.711803","84.288197","1.08","","-84.288197","0","-23","SELL"
"GOOGL 250314C00172500","GOOGL 14MAR25 172.5 C","GOOGL","20250311","20250311;133538","20250311","1","-1.54665","-29.54665","0.445","","29.54665","0","16.5","BUY"
"GOOGL 250314C00180000","GOOGL 14MAR25 180 C","GOOGL","20250304","20250304;101022","20250304","-1","-1.0610246","55.9389754","1.035","P","-55.9389754","0","-46.5","SELL"
"GOOGL 250314C00180000","GOOGL 14MAR25 180 C","GOOGL","20250304","20250304;101022","20250304","-1","-0.3610246","56.6389754","1.035","P","-56.6389754","0","-46.5","SELL"
"GOOGL 250314C00180000","GOOGL 14MAR25 180 C","GOOGL","20250310","20250310;105019","20250310","2","-0.7333","-34.7333","0.195","","34.7333","0","5","BUY"
"GOOGL 250314C00180000","GOOGL 14MAR25 180 C","GOOGL","20250310","20250310;105238","20250310","1","-0.70665","-16.70665","0.195","","16.70665","0","3.5","BUY"
"GOOGL 250314C00180000","GOOGL 14MAR25 180 C","GOOGL","20250311","20250311;133538","20250311","-1","-1.5496068","4.4503932","0.075","","-4.4503932","0","-1.5","SELL"
"GOOGL 250314C00187500","GOOGL 14MAR25 187.5 C","GOOGL","20250304","20250304;101022","20250304","1","-1.05665","-17.05665","0.25","","17.05665","0","9","BUY"
"GOOGL 250314C00187500","GOOGL 14MAR25 187.5 C","GOOGL","20250310","20250310;105019","20250310","-1","-0.7195234","2.2804766","0.053","","-2.2804766","0","-2.3","SELL"
"GOOGL 250321C00170000","GOOGL 21MAR25 170 C","GOOGL","20250311","20250311;133713","20250311","-1","-0.713749","154.286251","2.12","","-154.286251","0","-57","SELL"
"GOOGL 250321C00180000","GOOGL 21MAR25 180 C","GOOGL","20250311","20250311;133713","20250311","1","-0.70665","-30.70665","0.41","","30.70665","0","11","BUY"
"GOOGL 270115C00170000","GOOGL 15JAN27 170 C","GOOGL","20250304","20250304;100839","20250304","1","-0.80665","-3305.80665","34.8747","","3305.80665","0","182.47","BUY"
"INTC  250307C00023500","INTC 07MAR25 23.5 C","INTC","20250303","20250303;154619","20250303","-5","-2.553177","212.446823","0.465","","-212.446823","0","-17.5","SELL"
"INTC  250307C00023500","INTC 07MAR25 23.5 C","INTC","20250304","20250304;100052","20250304","5","-1.13325","-86.13325","0.14","","86.13325","0","-15","BUY"
"INTC  250307C00024500","INTC 07MAR25 24.5 C","INTC","20250303","20250303;154525","20250303","1","-0.57665","-23.57665","0.235","P","23.57665","0","0.5","BUY"
"INTC  250307C00024500","INTC 07MAR25 24.5 C","INTC","20250303","20250303;154525","20250303","4","-0.5566","-92.5566","0.235","P","92.5566","0","2","BUY"
"INTC  250307C00027000","INTC 07MAR25 27 C","INTC","20250303","20250303;154829","20250303","-2","-1.1192136","10.8807864","0.055","P","-10.8807864","0","1","SELL"
"INTC  250307C00027000","INTC 07MAR25 27 C","INTC","20250303","20250303;154829","20250303","-3","-1.6788204","16.3211796","0.055","P","-16.3211796","0","1.5","SELL"
"INTC  250307C00027000","INTC 07MAR25 27 C","INTC","20250304","20250304;100115","20250304","5","-1.53325","-11.53325","0.0232","","11.53325","0","1.6","BUY"
"INTC  250314C00023500","INTC 14MAR25 23.5 C","INTC","20250304","20250304;100104","20250304","-5","-1.452343","183.547657","0.32","","-183.547657","0","25","SELL"
"INTC  250314C00027000","INTC 14MAR25 27 C","INTC","20250303","20250303;154829","20250303","2","-1.4133","-33.4133","0.15","P","33.4133","0","-2","BUY"
"INTC  250314C00027000","INTC 14MAR25 27 C","INTC","20250303","20250303;154829","20250303","3","-2.11995","-50.11995","0.15","P","50.11995","0","-3","BUY"
"INTC  250314C00027000","INTC 14MAR25 27 C","INTC","20250304","20250304;100115","20250304","-5","-2.798173","32.201827","0.0701","","-32.201827","0","-0.05","SELL"
"JD    250307C00046000","JD 07MAR25 46 C","JD","20250304","20250304;103840","20250304","-2","-1.4263264","86.5736736","0.4","","-86.5736736","0","8","SELL"
"JD    250307C00046000","JD 07MAR25 46 C","JD","20250307","20250307;100550","20250307","1","-1.51665","-2.51665","0","P","2.51665","0","-1","BUY"
"JD    250307C00046000","JD 07MAR25 46 C","JD","20250307","20250307;100550","20250307","1","-0.54665","-1.54665","0","P","1.54665","0","-1","BUY"
"JD    250307C00047500","JD 07MAR25 47.5 C","JD","20250304","20250304;103840","20250304","1","-1.05915","-29.05915","0.245","","29.05915","0","-3.5","BUY"
"JD    250307C00047500","JD 07MAR25 47.5 C","JD","20250310","20250307;162000","20250307","-1","0","0","0","Ep","0","0","0","SELL"
"JD    250314C00040000","JD 14MAR25 40 C","JD","20250304","20250304;093733","20250304","1","-0.80665","-265.80665","2.7601","P","265.80665","0","11.01","BUY"
"JD    250314C00040000","JD 14MAR25 40 C","JD","20250304","20250304;093733","20250304","3","-0.59995","-792.59995","2.7601","P","792.59995","0","36.03","BUY"
"JD    250314C00042000","JD 14MAR25 42 C","JD","20250310","20250310;105749","20250310","-1","-0.71083","49.28917","0.605","","-49.28917","0","-10.5","SELL"
"JD    250314C00043500","JD 14MAR25 43.5 C","JD","20250310","20250310;105749","20250310","1","-0.70665","-24.70665","0.28","","24.70665","0","4","BUY"
"JD    250314C00045000","JD 14MAR25 45 C","JD","20250307","20250307;100954","20250307","-2","-0.7228832","143.2771168","0.435","","-143.2771168","0","57","SELL"
"JD    250314C00045000","JD 14MAR25 45 C","JD","20250310","20250310;105502","20250310","2","-1.8133","-25.8133","0.135","","25.8133","0","3","BUY"
"JD    250314C00046500","JD 14MAR25 46.5 C","JD","20250307","20250307;100954","20250307","1","-0.70665","-40.70665","0.225","","40.70665","0","-17.5","BUY"
"JD    250314C00046500","JD 14MAR25 46.5 C","JD","20250310","20250310;105502","20250310","-1","-1.2596068","4.7403932","0.0647","","-4.7403932","0","-0.47","SELL"
"JD    250321C00039000","JD 21MAR25 39 C","JD","20250304","20250304;093733","20250304","-1","-0.8189754","342.1810246","3.4842","P","-342.1810246","0","-5.42","SELL"
"JD    250321C00039000","JD 21MAR25 39 C","JD","20250304","20250304;093733","20250304","-3","-0.6368428","1025.3631572","3.4842","P","-1025.3631572","0","-19.26","SELL"
"JD    270115C00040000","JD 15JAN27 40 C","JD","20250304","20250304;103646","20250304","1","-0.85665","-1122.85665","11.3233","","1122.85665","0","10.33","BUY"
"KMI   250314C00027000","KMI 14MAR25 27 C","KMI","20250306","20250306;143950","20250306","-1","-1.0625516","20.9374484","0.23","P","-20.9374484","0","-1","SELL"
"KMI   250314C00027000","KMI 14MAR25 27 C","KMI","20250306","20250306;143950","20250306","-1","-0.3625516","21.6374484","0.23","P","-21.6374484","0","-1","SELL"
"KMI   250314C00028500","KMI 14MAR25 28.5 C","KMI","20250305","20250305;104408","20250305","-2","-0.4192692","13.5807308","0.065","P","-13.5807308","0","1","SELL"
"KMI   250314C00028500","KMI 14MAR25 28.5 C","KMI","20250305","20250305;104408","20250305","-2","-0.3392692","13.6607308","0.065","P","-13.6607308","0","1","SELL"
"KMI   250314C00028500","KMI 14MAR25 28.5 C","KMI","20250306","20250306;143906","20250306","4","-3.0666","-19.0666","0.0451","","19.0666","0","2.04","BUY"
"KMI   250314C00029500","KMI 14MAR25 29.5 C","KMI","20250305","20250305;104408","20250305","1","-0.66665","-4.66665","0.0128","P","4.66665","0","-2.72","BUY"
"KMI   250314C00029500","KMI 14MAR25 29.5 C","KMI","20250305","20250305;104408","20250305","1","0.29335","-3.70665","0.0128","P","3.70665","0","-2.72","BUY"
"KMI   270115C00027000","KMI 15JAN27 27 C","KMI","20250305","20250305;104217","20250305","1","-1.05665","-354.05665","3.575","","354.05665","0","4.5","BUY"
"KMI   270115C00027000","KMI 15JAN27 27 C","KMI","20250305","20250305;104510","20250305","1","-0.70665","-355.70665","3.575","","355.70665","0","2.5","BUY"
"MSFT  250307C00427500","MSFT 07MAR25 427.5 C","MSFT","20250304","20250304;093622","20250304","2","-0.4933","-6.4933","0.03","P","6.4933","0","0","BUY"
"MSFT  250307C00427500","MSFT 07MAR25 427.5 C","MSFT","20250304","20250304;093622","20250304","2","-0.1133","-6.1133","0.03","P","6.1133","0","0","BUY"
"MSFT  250307C00440000","MSFT 07MAR25 440 C","MSFT","20250304","20250304;093745","20250304","-1","-1.5394678","-0.5394678","0.0066","P","0.5394678","0","0.34","SELL"
"MSFT  250307C00440000","MSFT 07MAR25 440 C","MSFT","20250304","20250304;102553","20250304","-3","0.5715966","3.5715966","0.0066","P","-3.5715966","0","1.02","SELL"
"MSFT  250307P00382500","MSFT 07MAR25 382.5 P","MSFT","20250304","20250304;093540","20250304","-4","-2.85058","1897.14942","2.51","","-1897.14942","0","896","SELL"
"MSFT  250307P00385000","MSFT 07MAR25 385 P","MSFT","20250304","20250304;093602","20250304","4","-2.0266","-2294.0266","3.375","","2294.0266","0","-942","BUY"
"NEE   250314C00074000","NEE 14MAR25 74 C","NEE","20250305","20250305;105245","20250305","-2","-0.719992","39.280008","0.25","","-39.280008","0","-10","SELL"
"NEE   250314C00074000","NEE 14MAR25 74 C","NEE","20250310","20250310;111156","20250310","1","-1.05665","-224.05665","2.8325","P","224.05665","0","60.25","BUY"
"NEE   250314C00074000","NEE 14MAR25 74 C","NEE","20250310","20250310;111156","20250310","1","-0.35665","-223.35665","2.8325","P","223.35665","0","60.25","BUY"
"NEE   250314C00077000","NEE 14MAR25 77 C","NEE","20250305","20250305;105245","20250305","1","-0.70665","-7.70665","0.079","","7.70665","0","0.9","BUY"
"NEE   250314C00077000","NEE 14MAR25 77 C","NEE","20250310","20250310;111213","20250310","-1","-1.0611636","60.9388364","1.0838","","-60.9388364","0","-46.38","SELL"
"NEE   250314C00078000","NEE 14MAR25 78 C","NEE","20250310","20250310;112448","20250310","-1","-0.710413","34.289587","0.6802","","-34.289587","0","-33.02","SELL"
"NEE   250314C00078000","NEE 14MAR25 78 C","NEE","20250312","20250312;095138","20250312","1","-1.05915","-5.05915","0.0358","","5.05915","0","-0.42","BUY"
"NEE   250314C00081000","NEE 14MAR25 81 C","NEE","20250310","20250310;112448","20250310","1","-0.70665","-8.70665","0.1411","","8.70665","0","6.11","BUY"
"NEE   250321C00076000","NEE 21MAR25 76 C","NEE","20250312","20250312;095450","20250312","-1","-0.7108856","51.2891144","0.4818","","-51.2891144","0","3.82","SELL"
"NEE   250321C00078000","NEE 21MAR25 78 C","NEE","20250312","20250312;095450","20250312","1","-0.70665","-22.70665","0.1809","","22.70665","0","-3.91","BUY"
"NEE   250620C00075000","NEE 20JUN25 75 C","NEE","20250310","20250310;112355","20250310","1","-1.50665","-510.50665","5.5716","","510.50665","0","48.16","BUY"
"NEE   250620C00075000","NEE 20JUN25 75 C","NEE","20250311","20250311;140513","20250311","-1","-0.8110326","416.1889674","4.3","","-416.1889674","0","-13","SELL"
"NEE   250620P00075000","NEE 20JUN25 75 P","NEE","20250310","20250310;114021","20250310","-1","-1.0741998","439.9258002","3.825","","-439.9258002","0","58.5","SELL"
"NEE   250620P00075000","NEE 20JUN25 75 P","NEE","20250311","20250311;101003","20250311","1","-1.05665","-462.05665","4.78","","462.05665","0","17","BUY"
"NEE   260116C00060000","NEE 16JAN26 60 C","NEE","20250305","20250305;105156","20250305","1","-0.79665","-1356.79665","14.7095","","1356.79665","0","114.95","BUY"
"NEE   260116C00060000","NEE 16JAN26 60 C","NEE","20250310","20250310;111127","20250310","-1","-0.8510924","1857.1489076","19.1145","","-1857.1489076","0","-53.45","SELL"
"NEE   260320C00075000","NEE 20MAR26 75 C","NEE","20250311","20250311;140409","20250311","1","-1.05915","-841.05915","8.7255","","841.05915","0","32.55","BUY"
"NVDA  250307C00135000","NVDA 07MAR25 135 C","NVDA","20250303","20250303;133427","20250303","-2","-1.4244916","20.5755084","0.1359","","-20.5755084","0","-5.18","SELL"
"NVDA  250307C00135000","NVDA 07MAR25 135 C","NVDA","20250307","20250307;134900","20250307","1","-1.05665","-2.05665","0","P","2.05665","0","-1","BUY"
"NVDA  250307C00135000","NVDA 07MAR25 135 C","NVDA","20250307","20250307;134900","20250307","1","-0.05665","-1.05665","0","P","1.05665","0","-1","BUY"
"NVDA  250307P00105000","NVDA 07MAR25 105 P","NVDA","20250303","20250303;133303","20250303","-1","-1.0617196","80.9382804","1.13","P","-80.9382804","0","-31","SELL"
"NVDA  250307P00105000","NVDA 07MAR25 105 P","NVDA","20250303","20250303;133303","20250303","-1","-0.8317196","81.1682804","1.13","P","-81.1682804","0","-31","SELL"
"NVDA  250307P00105000","NVDA 07MAR25 105 P","NVDA","20250307","20250307;134918","20250307","1","-0.70665","-4.70665","0","P","4.70665","0","-4","BUY"
"NVDA  250307P00105000","NVDA 07MAR25 105 P","NVDA","20250307","20250307;134918","20250307","1","0.33335","-3.66665","0","P","3.66665","0","-4","BUY"
"NVDA  250307P00119000","NVDA 07MAR25 119 P","NVDA","20250307","20250307;134833","20250307","1","-0.70665","-772.70665","6.31","P","772.70665","0","-141","BUY"
"NVDA  250307P00119000","NVDA 07MAR25 119 P","NVDA","20250307","20250307;134833","20250307","1","0.03335","-771.96665","6.31","P","771.96665","0","-141","BUY"
"NVDA  250314C00135000","NVDA 14MAR25 135 C","NVDA","20250303","20250303;133427","20250303","2","-1.4183","-101.4183","0.4506","","101.4183","0","-9.88","BUY"
"NVDA  250314C00135000","NVDA 14MAR25 135 C","NVDA","20250307","20250307;134900","20250307","-1","-1.0598014","11.9401986","0.195","P","-11.9401986","0","-6.5","SELL"
"NVDA  250314C00135000","NVDA 14MAR25 135 C","NVDA","20250307","20250307;134900","20250307","-1","-0.3598014","12.6401986","0.195","P","-12.6401986","0","-6.5","SELL"
"NVDA  250314P00105000","NVDA 14MAR25 105 P","NVDA","20250303","20250303;133303","20250303","1","-1.52665","-183.52665","2.235","P","183.52665","0","41.5","BUY"
"NVDA  250314P00105000","NVDA 14MAR25 105 P","NVDA","20250303","20250303;133303","20250303","1","-0.35665","-182.35665","2.235","P","182.35665","0","41.5","BUY"
"NVDA  250314P00105000","NVDA 14MAR25 105 P","NVDA","20250307","20250307;134918","20250307","-1","-0.674166","169.325834","1.255","P","-169.325834","0","44.5","SELL"
"NVDA  250314P00105000","NVDA 14MAR25 105 P","NVDA","20250307","20250307;134918","20250307","-1","-0.014166","169.985834","1.255","P","-169.985834","0","44.5","SELL"
"NVDA  250314P00121000","NVDA 14MAR25 121 P","NVDA","20250307","20250307;134833","20250307","-1","-0.6985466","1046.3014534","9.3333","P","-1046.3014534","0","113.67","SELL"
"NVDA  250314P00121000","NVDA 14MAR25 121 P","NVDA","20250307","20250307;134833","20250307","-1","-0.0385466","1046.9614534","9.3333","P","-1046.9614534","0","113.67","SELL"
"PFE   250314C00027000","PFE 14MAR25 27 C","PFE","20250305","20250305;103628","20250305","-2","-0.7196028","25.2803972","0.095","P","-25.2803972","0","7","SELL"
"PFE   250314C00027000","PFE 14MAR25 27 C","PFE","20250305","20250305;103628","20250305","-2","-0.6396028","25.3603972","0.095","P","-25.3603972","0","7","SELL"
"PFE   250314C00027000","PFE 14MAR25 27 C","PFE","20250312","20250312;140752","20250312","1","-0.85665","-2.85665","0.0151","P","2.85665","0","-0.49","BUY"
"PFE   250314C00027000","PFE 14MAR25 27 C","PFE","20250312","20250312;140752","20250312","3","-1.33995","-7.33995","0.0151","P","7.33995","0","-1.47","BUY"
"PFE   250314C00028000","PFE 14MAR25 28 C","PFE","20250305","20250305;103628","20250305","1","-0.66665","-3.66665","0.025","P","3.66665","0","-0.5","BUY"
"PFE   250314C00028000","PFE 14MAR25 28 C","PFE","20250305","20250305;103628","20250305","1","0.29335","-2.70665","0.025","P","2.70665","0","-0.5","BUY"
"PFE   250321C00026500","PFE 21MAR25 26.5 C","PFE","20250312","20250312;141113","20250312","-1","-0.5799682","18.4200318","0.185","P","-18.4200318","0","0.5","SELL"
"PFE   250321C00026500","PFE 21MAR25 26.5 C","PFE","20250312","20250312;141113","20250312","-1","-0.1599682","18.8400318","0.185","P","-18.8400318","0","0.5","SELL"
"QQQ   250321P00450000","QQQ 21MAR25 450 P","QQQ","20250303","20250303;094408","20250303","3","-0.64995","-267.64995","1.6955","","267.64995","0","241.65","BUY"
"SPY   250310C00600000","SPY 10MAR25 600 C","SPY","20250304","20250304;100453","20250304","1","-1.54665","-44.54665","0.225","","44.54665","0","-20.5","BUY"
"SPY   250310C00605000","SPY 10MAR25 605 C","SPY","20250304","20250304;100453","20250304","-1","-1.5499126","15.4500874","0.065","","-15.4500874","0","10.5","SELL"
"SPY   250313C00573000","SPY 13MAR25 573 C","SPY","20250312","20250312;112927","20250312","-3","-3.6006552","80.3993448","0.085","P","-80.3993448","0","58.5","SELL"
"SPY   250313C00573000","SPY 13MAR25 573 C","SPY","20250312","20250312;112927","20250312","-1","-1.2002184","26.7997816","0.085","P","-26.7997816","0","19.5","SELL"
"SPY   250313C00575000","SPY 13MAR25 575 C","SPY","20250312","20250312;112927","20250312","1","-1.54665","-19.54665","0.045","P","19.54665","0","-13.5","BUY"
"SPY   250313C00575000","SPY 13MAR25 575 C","SPY","20250312","20250312;112927","20250312","3","-3.23995","-57.23995","0.045","P","57.23995","0","-40.5","BUY"
"SPY   250314C00570000","SPY 14MAR25 570 C","SPY","20250310","20250310;143011","20250310","-1","-0.6798094","372.3201906","3.745","P","-372.3201906","0","-1.5","SELL"
"SPY   250314C00570000","SPY 14MAR25 570 C","SPY","20250310","20250310;143011","20250310","-1","-0.0198094","372.9801906","3.745","P","-372.9801906","0","-1.5","SELL"
"SPY   250314C00570000","SPY 14MAR25 570 C","SPY","20250310","20250310;143016","20250310","-1","-0.369865","374.630135","3.745","P","-374.630135","0","0.5","SELL"
"SPY   250314C00570000","SPY 14MAR25 570 C","SPY","20250311","20250311;130548","20250311","3","-3.46995","-477.46995","1.67","","477.46995","0","27","BUY"
"SPY   250314C00575000","SPY 14MAR25 575 C","SPY","20250310","20250310;143011","20250310","1","-0.70665","-230.70665","2.27","P","230.70665","0","-3","BUY"
"SPY   250314C00575000","SPY 14MAR25 575 C","SPY","20250310","20250310;143011","20250310","1","0.03335","-229.96665","2.27","P","229.96665","0","-3","BUY"
"SPY   250314C00575000","SPY 14MAR25 575 C","SPY","20250310","20250310;143016","20250310","1","-0.35665","-232.35665","2.27","P","232.35665","0","-5","BUY"
"SPY   250314C00575000","SPY 14MAR25 575 C","SPY","20250311","20250311;130755","20250311","-1","-1.0641084","76.9358916","0.785","P","-76.9358916","0","-0.5","SELL"
"SPY   250314C00575000","SPY 14MAR25 575 C","SPY","20250311","20250311;130755","20250311","-2","-1.0782168","154.9217832","0.785","P","-154.9217832","0","-1","SELL"
"SPY   250314P00522000","SPY 14MAR25 522 P","SPY","20250310","20250310;143011","20250310","-1","-0.6706354","42.3293646","0.395","P","-42.3293646","0","3.5","SELL"
"SPY   250314P00522000","SPY 14MAR25 522 P","SPY","20250310","20250310;143011","20250310","-1","-0.0106354","42.9893646","0.395","P","-42.9893646","0","3.5","SELL"
"SPY   250314P00522000","SPY 14MAR25 522 P","SPY","20250310","20250310;143016","20250310","-1","-0.3606354","42.6393646","0.395","P","-42.6393646","0","3.5","SELL"
"SPY   250314P00522000","SPY 14MAR25 522 P","SPY","20250311","20250311;130744","20250311","3","-1.36995","-151.36995","0.205","","151.36995","0","-88.5","BUY"
"SPY   250321P00540000","SPY 21MAR25 540 P","SPY","20250303","20250303;094316","20250303","-1","-1.5518586","85.4481414","1.74","P","-85.4481414","0","-87","SELL"
"SPY   250321P00540000","SPY 21MAR25 540 P","SPY","20250303","20250303;094320","20250303","-7","-8.0630102","600.9369898","1.74","P","-600.9369898","0","-609","SELL"
"SPY   250321P00550000","SPY 21MAR25 550 P","SPY","20250303","20250303;094316","20250303","1","-1.54665","-126.54665","2.58","P","126.54665","0","133","BUY"
"SPY   250321P00550000","SPY 21MAR25 550 P","SPY","20250303","20250303;094320","20250303","7","-8.02655","-883.02655","2.58","P","883.02655","0","931","BUY"
"SPY   250321P00555000","SPY 21MAR25 555 P","SPY","20250303","20250303;094337","20250303","2","-1.6133","-311.6133","3.18","","311.6133","0","326","BUY"
"SPY   250417C00560000","SPY 17APR25 560 C","SPY","20250311","20250311;131039","20250311","-1","-0.737665","1374.262335","14.585","P","-1374.262335","0","-83.5","SELL"
"SPY   250417C00560000","SPY 17APR25 560 C","SPY","20250311","20250311;131039","20250311","-2","-1.1502188","2744.8497812","14.585","P","-2744.8497812","0","-171","SELL"
"SPY   250417C00565000","SPY 17APR25 565 C","SPY","20250311","20250311;131039","20250311","1","-0.69665","-1118.69665","11.905","P","1118.69665","0","72.5","BUY"
"SPY   250417C00565000","SPY 17APR25 565 C","SPY","20250311","20250311;131039","20250311","2","-1.0683","-2233.0683","11.905","P","2233.0683","0","149","BUY"
"SPY   250417P00460000","SPY 17APR25 460 P","SPY","20250311","20250311;131039","20250311","-1","-0.7041938","170.2958062","1.38","P","-170.2958062","0","33","SELL"
"SPY   250417P00460000","SPY 17APR25 460 P","SPY","20250311","20250311;131039","20250311","-2","-1.0834432","342.9165568","1.38","P","-342.9165568","0","68","SELL"
"SPY   250815P00550000","SPY 15AUG25 550 P","SPY","20250312","20250312;114138","20250312","1","-0.66665","-2238.66665","20.9952","P","2238.66665","0","-138.48","BUY"
"SPY   250815P00550000","SPY 15AUG25 550 P","SPY","20250312","20250312;114138","20250312","1","-0.00665","-2238.00665","20.9952","P","2238.00665","0","-138.48","BUY"
"SPY   250815P00550000","SPY 15AUG25 550 P","SPY","20250312","20250312;114141","20250312","2","-0.7133","-4476.7133","20.9952","P","4476.7133","0","-276.96","BUY"
"SPY   250815P00557000","SPY 15AUG25 557 P","SPY","20250312","20250312;114138","20250312","-1","-0.7784674","2482.2215326","23.3999","P","-2482.2215326","0","143.01","SELL"
"SPY   250815P00557000","SPY 15AUG25 557 P","SPY","20250312","20250312;114138","20250312","-1","-0.0384674","2482.9615326","23.3999","P","-2482.9615326","0","143.01","SELL"
"SPY   250815P00557000","SPY 15AUG25 557 P","SPY","20250312","20250312;114141","20250312","-2","-0.8569348","4965.1430652","23.3999","P","-4965.1430652","0","286.02","SELL"
"SPY   271217P00545000","SPY 17DEC27 545 P","SPY","20250312","20250312;112338","20250312","1","-0.70665","-4757.70665","45.4701","P","4757.70665","0","-209.99","BUY"
"SPY   271217P00545000","SPY 17DEC27 545 P","SPY","20250312","20250312;112338","20250312","1","0.03335","-4756.96665","45.4701","P","4756.96665","0","-209.99","BUY"
"SPY   271217P00545000","SPY 17DEC27 545 P","SPY","20250312","20250312;112341","20250312","2","-0.7133","-9514.7133","45.4701","P","9514.7133","0","-419.98","BUY"
"SPY   271217P00545000","SPY 17DEC27 545 P","SPY","20250312","20250312;113835","20250312","-1","-0.7992382","4668.2007618","45.4701","P","-4668.2007618","0","121.99","SELL"
"SPY   271217P00545000","SPY 17DEC27 545 P","SPY","20250312","20250312;113835","20250312","-1","-0.1392382","4668.8607618","45.4701","P","-4668.8607618","0","121.99","SELL"
"SPY   271217P00545000","SPY 17DEC27 545 P","SPY","20250312","20250312;113838","20250312","-2","-0.9784208","9335.0215792","45.4701","P","-9335.0215792","0","241.98","SELL"
"SPY   271217P00555000","SPY 17DEC27 555 P","SPY","20250312","20250312;112338","20250312","-1","-0.8118594","5122.1881406","49.04","P","-5122.1881406","0","219","SELL"
"SPY   271217P00555000","SPY 17DEC27 555 P","SPY","20250312","20250312;112338","20250312","-1","-0.1518594","5122.8481406","49.04","P","-5122.8481406","0","219","SELL"
"SPY   271217P00555000","SPY 17DEC27 555 P","SPY","20250312","20250312;112341","20250312","-2","-1.0037188","10244.9962812","49.04","P","-10244.9962812","0","438","SELL"
"SPY   271217P00555000","SPY 17DEC27 555 P","SPY","20250312","20250312;113835","20250312","1","-0.70665","-5037.70665","49.04","P","5037.70665","0","-133","BUY"
"SPY   271217P00555000","SPY 17DEC27 555 P","SPY","20250312","20250312;113835","20250312","1","0.03335","-5036.96665","49.04","P","5036.96665","0","-133","BUY"
"SPY   271217P00555000","SPY 17DEC27 555 P","SPY","20250312","20250312;113838","20250312","2","-0.7133","-10072.7133","49.04","P","10072.7133","0","-264","BUY"
"TSLA  250307C00330000","TSLA 07MAR25 330 C","TSLA","20250303","20250303;152610","20250303","2","-0.4533","-92.4533","0.535","","92.4533","0","15","BUY"
"TSLA  250307P00280000","TSLA 07MAR25 280 P","TSLA","20250303","20250303;152634","20250303","-1","-1.0904092","1112.9095908","8.325","P","-1112.9095908","0","281.5","SELL"
"TSLA  250307P00280000","TSLA 07MAR25 280 P","TSLA","20250303","20250303;152634","20250303","-1","-0.3904092","1113.6095908","8.325","P","-1113.6095908","0","281.5","SELL"
"TSLA  250307P00285000","TSLA 07MAR25 285 P","TSLA","20250303","20250303;152644","20250303","1","-1.05665","-1356.05665","10.575","P","1356.05665","0","-297.5","BUY"
"TSLA  250307P00285000","TSLA 07MAR25 285 P","TSLA","20250303","20250303;152644","20250303","1","-0.35665","-1355.35665","10.575","P","1355.35665","0","-297.5","BUY"
"TSLA  250314P00140000","TSLA 14MAR25 140 P","TSLA","20250310","20250310;142025","20250310","-15","-10.652859","394.347141","0.2306","","-394.347141","0","59.1","SELL"
"TSLA  250314P00140000","TSLA 14MAR25 140 P","TSLA","20250312","20250312;093858","20250312","15","-11.94975","-56.94975","0.0014","","56.94975","0","-42.9","BUY"
"TSLA  250314P00262500","TSLA 14MAR25 262.5 P","TSLA","20250306","20250306;102150","20250306","-1","-0.7332646","856.2667354","11.475","","-856.2667354","0","-290.5","SELL"
"TSLA  250314P00262500","TSLA 14MAR25 262.5 P","TSLA","20250310","20250310;135612","20250310","1","-0.70665","-3675.70665","41.5985","","3675.70665","0","484.85","BUY"
"TSLA  250321P00270000","TSLA 21MAR25 270 P","TSLA","20250306","20250306;102150","20250306","1","-0.70665","-1497.70665","18.9715","","1497.70665","0","400.15","BUY"
"TSLA  250321P00270000","TSLA 21MAR25 270 P","TSLA","20250310","20250310;135612","20250310","-1","-0.8361524","4557.1638476","50.4778","","-4557.1638476","0","-489.78","SELL"
"UBER  250314C00076000","UBER 14MAR25 76 C","UBER","20250310","20250310;104001","20250310","-1","-0.7111636","61.2888364","0.705","","-61.2888364","0","-8.5","SELL"
"UBER  250314C00076000","UBER 14MAR25 76 C","UBER","20250311","20250311;135728","20250311","1","-1.05665","-17.05665","0.16","","17.05665","0","0","BUY"
"UBER  250314C00078000","UBER 14MAR25 78 C","UBER","20250310","20250310;104001","20250310","1","-0.70665","-29.70665","0.32","","29.70665","0","3","BUY"
"UBER  250314C00078000","UBER 14MAR25 78 C","UBER","20250311","20250311;135728","20250311","-1","-1.0596068","4.9403932","0.0759","","-4.9403932","0","-1.59","SELL"
"UBER  250314C00081000","UBER 14MAR25 81 C","UBER","20250305","20250305;101725","20250305","-2","-1.4219936","110.5780064","0.535","","-110.5780064","0","5","SELL"
"UBER  250314C00081000","UBER 14MAR25 81 C","UBER","20250310","20250310;103602","20250310","2","-1.1133","-19.1133","0.0962","","19.1133","0","1.24","BUY"
"UBER  250314C00084000","UBER 14MAR25 84 C","UBER","20250305","20250305;101725","20250305","1","-1.05665","-24.05665","0.19","","24.05665","0","-4","BUY"
"UBER  250321C00076000","UBER 21MAR25 76 C","UBER","20250311","20250311;135827","20250311","-1","-0.7111636","61.2888364","0.59","","-61.2888364","0","3","SELL"
"UBER  250321C00080000","UBER 21MAR25 80 C","UBER","20250311","20250311;135827","20250311","1","-0.70665","-19.70665","0.17","","19.70665","0","-2","BUY"
"UBER  270115C00075000","UBER 15JAN27 75 C","UBER","20250305","20250305;101626","20250305","1","-1.04665","-1961.04665","19.6736","","1961.04665","0","7.36","BUY"
